{
  "MRR@3": 0.6037489102005231,
  "Recall@1": 0.5614646904969486,
  "Recall@3": 0.6503923278116827,
  "Recall@5": 0.6503923278116827,
  "NDCG@3": 0.615859536670197
}